Time_Period,Value
1,13.99014246
1.033011004,12.16773461
1.066022007,14.60812063
1.099033011,17.3166721
1.132044015,
1.165055018,12.21022668
1.198066022,17.7328035
1.231077026,15.37999675
1.264088029,11.75179692
1.297099033,14.87042771
1.330110037,11.93502201
1.36312104,12.01061334
1.396132044,14.21621692
1.429143048,7.833016885
1.462154051,8.480631631
1.495165055,12.05105005
1.528176059,10.78194679
1.561187062,14.84570965
1.594198066,11.26142294
1.62720907,9.83111157
1.660220073,18.54749649
1.693231077,13.55574879
1.726242081,14.51818982
1.759253084,10.12388815
1.792264088,12.84751205
1.825275092,14.8959555
1.858286095,11.19273451
1.891297099,15.8553368
1.924308103,13.00885419
1.957319106,14.01821652
1.99033011,13.17070544
2.023341114,20.61518734
2.056352117,15.10038862
2.089363121,79.12879437
2.122374125,17.77357005
2.155385128,11.72593187
2.188396132,16.09758112
2.221407136,9.674507468
2.254418139,11.6514872
2.287429143,16.30915657
2.320440147,18.01650011
2.35345115,16.39773272
2.386462154,15.61921054
2.419473158,15.14537181
2.452484161,
2.485495165,14.05420529
2.518506169,14.91434911
2.551517172,117.8306512
2.584528176,17.49217531
2.61753918,
2.650550183,17.59862737
2.683561187,15.55365613
2.716572191,14.76066448
2.749583194,
2.782594198,20.04948406
2.815605202,19.83285336
2.848616205,14.60388794
2.881627209,
2.914638213,18.28038583
2.947649216,20.29575842
2.98066022,16.01412784
3.013671224,16.97720113
3.046682227,111.1223672
3.079693231,14.11061321
3.112704235,20.21933805
3.145715238,21.93300818
3.178726242,17.73078524
3.211737246,21.03994181
3.244748249,19.1967787
3.277759253,16.25903887
3.310770257,19.36111246
3.34378126,22.97356285
3.376792264,18.33450254
3.409803268,23.21843914
3.442814271,10.74780037
3.475825275,21.1552707
3.508836279,19.0332319
3.541847282,17.95759615
3.574858286,19.21242804
3.60786929,13.05696648
3.640880293,18.44318507
3.673891297,20.25606596
3.706902301,23.70093789
3.739913304,17.79497261
3.772924308,17.00682996
3.805935312,18.00956715
3.838946315,22.34357214
3.871957319,20.66614663
3.904968323,18.1731402
3.937979326,21.38475062
3.97099033,20.21870847
4.004001334,22.91593831
4.037012337,17.98637156
4.070023341,19.19207191
4.103034345,19.0812614
4.136045348,15.94956853
4.169056352,21.31100171
4.202067356,21.28833421
4.235078359,20.60303627
4.268089363,
4.301100367,16.50663869
4.33411137,
4.367122374,19.88966239
4.400133378,18.59350164
4.433144381,20.59900382
4.466155385,22.37754103
4.499166389,26.90647368
4.532177392,21.85417692
4.565188396,22.18562216
4.5981994,21.27216075
4.631210403,15.82171236
4.664221407,21.58101189
4.697232411,21.92377166
4.730243414,29.21533487
4.763254418,21.33105315
4.796265422,22.89530558
4.829276425,21.96905575
4.862287429,18.64968446
4.895298433,25.66671453
4.928309436,24.57657269
4.96132044,24.77639694
4.994331444,19.75766625
5.027342447,26.77673905
5.060353451,18.44533044
5.093364455,24.49398242
5.126375458,29.38730552
5.159386462,19.92685718
5.192397466,21.28210048
5.225408469,23.36247527
5.258419473,21.63562172
5.291430477,18.5765859
5.32444148,23.51679263
5.357452484,20.20672007
5.390463488,24.89693601
5.423474491,20.80041353
5.456485495,28.29101695
5.489496499,21.37398137
5.522507503,22.84008421
5.555518506,26.32934792
5.58852951,
5.621540514,24.73623109
5.654551517,28.05780706
5.687562521,19.3964566
5.720573525,24.85533539
5.753584528,25.1636097
5.786595532,26.81195744
5.819606536,20.83816421
5.852617539,20.67017401
5.885628543,26.27989605
5.918639547,
5.95165055,25.63060493
5.984661554,26.00099851
6.017672558,23.00410723
6.050683561,25.82346999
6.083694565,26.08845383
6.116705569,
6.149716572,30.97161496
6.182727576,26.8783177
6.21573858,21.96543596
6.248749583,27.59153478
6.281760587,22.78035646
6.314771591,28.14818279
6.347782594,29.34524322
6.380793598,23.48993704
6.413804602,28.92463989
6.446815605,27.35538179
6.479826609,28.665747
6.512837613,31.97247298
6.545848616,25.62845719
6.57885962,24.18594056
6.611870624,23.86113327
6.644881627,24.16477321
6.677892631,26.46342645
6.710903635,27.80071501
6.743914638,27.68985899
6.776925642,29.42386385
6.809936646,27.06384729
6.842947649,31.46797135
6.875958653,26.39592613
6.908969657,35.43293164
6.94198066,
6.974991664,24.86600649
7.008002668,24.30732917
7.041013671,29.04995142
7.074024675,27.01467333
7.107035679,29.90959068
7.140046682,29.26982958
7.173057686,27.71415748
7.20606869,25.47479057
7.239079693,23.55315756
7.272090697,26.84068189
7.305101701,30.83195063
7.338112704,28.98756299
7.371123708,24.69059293
7.404134712,29.02987956
7.437145715,29.74881643
7.470156719,26.02381949
7.503167723,29.21909462
7.536178726,29.01507297
7.56918973,25.49406343
7.602200734,30.07886391
7.635211737,30.77038292
7.668222741,32.41971058
7.701233745,32.41449052
7.734244748,25.20260377
7.767255752,26.60466426
7.800266756,31.04577269
7.833277759,31.12455225
7.866288763,31.21086497
7.899299767,41.30644389
7.93231077,31.54344846
7.965321774,33.32000136
7.998332778,32.85783723
8.031343781,32.03253321
8.064354785,29.21507923
8.097365789,32.52032213
8.130376792,28.00746634
8.163387796,29.69801367
8.1963988,29.03490636
8.229409803,30.81914693
8.262420807,37.60002772
8.295431811,25.13678395
8.328442814,32.87988761
8.361453818,26.06548693
8.394464822,29.57036646
8.427475825,34.33554135
8.460486829,
8.493497833,28.00051025
8.526508836,29.17036096
8.55951984,33.43759285
8.592530844,29.29022721
8.625541847,32.21323039
8.658552851,31.78309765
8.691563855,29.77410859
8.724574858,38.24326941
8.757585862,33.79572172
8.790596866,25.9010644
8.823607869,
8.856618873,30.15618779
8.889629877,34.7813747
8.92264088,29.92903999
8.955651884,32.04492039
8.988662888,33.98661906
9.021673891,35.15145031
9.054684895,29.03582302
9.087695899,31.71573604
9.120706902,31.37693132
9.153717906,30.92430707
9.18672891,38.26318499
9.219739913,34.26429492
9.252750917,29.34922543
9.285761921,
9.318772924,39.6634009
9.351783928,36.4768556
9.384794932,28.90387743
9.417805935,32.09181262
9.450816939,37.4277758
9.483827943,31.58656146
9.516838946,35.12355565
9.54984995,36.19852704
9.582860954,31.17636097
9.615871957,33.86110383
9.648882961,24.39840538
9.681893965,31.13157199
9.714904968,33.52955797
9.747915972,30.62644038
9.780926976,39.34955135
9.813937979,30.24442081
9.846948983,33.297239
9.879959987,35.0921217
9.91297099,39.10624734
9.945981994,30.55736853
9.978992998,38.43697375
10.012004,35.06070919
10.04501501,32.16801156
10.07802601,36.58137544
10.11103701,35.87477162
10.14404802,33.55946941
10.17705902,35.6520538
10.21007002,34.36923427
10.24308103,35.9482546
10.27609203,37.6766221
10.30910303,40.53080803
10.34211404,32.1418386
10.37512504,42.33691273
10.40813605,30.16407671
10.44114705,35.64751234
10.47415805,37.95034675
10.50716906,37.11089824
10.54018006,34.48235159
10.57319106,35.80861091
10.60620207,35.03650236
10.63921307,34.82993841
10.67222407,39.22936648
10.70523508,37.83413415
10.73824608,34.76688642
10.77125709,39.62694234
10.80426809,37.93256879
10.83727909,39.53178409
10.8702901,39.06461177
10.9033011,34.77126772
10.9363121,35.66023714
10.96932311,39.66518858
11.00233411,39.33694607
11.03534512,
11.06835612,38.02287245
11.10136712,41.58641249
11.13437813,36.06123115
11.16738913,39.55976497
11.20040013,37.39442238
11.23341114,37.43048423
11.26642214,41.46238591
11.29943314,40.72483191
11.33244415,40.77163928
11.36545515,42.3300743
11.39846616,-18.59392072
11.43147716,40.62455181
11.46448816,37.73042014
11.49749917,
11.53051017,38.43584626
11.56352117,39.19979083
11.59653218,40.77680152
11.62954318,36.6191959
11.66255418,45.43354729
11.69556519,36.22086083
11.72857619,35.67887464
11.7615872,42.87830061
11.7945982,41.86148358
11.8276092,41.44138246
11.86062021,41.53658704
11.89363121,39.69733771
11.92664221,37.12484242
11.95965322,40.12654672
11.99266422,37.95017542
12.02567523,42.98954726
12.05868623,39.70554343
12.09169723,37.75275149
12.12470824,39.34761307
12.15771924,41.63309246
12.19073024,38.78565195
12.22374125,38.09269193
12.25675225,41.37294226
12.28976325,41.45930785
12.32277426,39.28610612
12.35578526,39.47634824
12.38879627,41.66814048
12.42180727,
12.45481827,36.91465436
12.48782928,39.06424053
12.52084028,40.66175925
12.55385128,42.31735091
12.58686229,45.89322437
12.61987329,44.1226621
12.65288429,41.15239515
12.6858953,41.65768962
12.7189063,-34.18847121
12.75191731,41.82425386
12.78492831,41.09634486
12.81793931,43.01300396
12.85095032,39.64568296
12.88396132,43.76794284
12.91697232,46.89064755
12.94998333,42.04867787
12.98299433,43.66262099
13.01600534,44.61044531
13.04901634,
13.08202734,43.3773458
13.11503835,42.82537307
13.14804935,43.16315167
13.18106035,40.63362153
13.21407136,43.10870892
13.24708236,44.61170078
13.28009336,47.55366423
13.31310437,46.1605734
13.34611537,49.8248358
13.37912638,41.14577325
13.41213738,46.14730536
13.44514838,44.16289697
13.47815939,50.26480727
13.51117039,41.35303112
13.54418139,41.34128796
13.5771924,42.14480306
13.6102034,37.65382133
13.6432144,42.53077095
13.67622541,41.91316554
13.70923641,44.72427239
13.74224742,45.38088647
13.77525842,50.06665857
13.80826942,47.37194507
13.84128043,42.8724901
13.87429143,41.99048456
13.90730243,46.2440136
13.94031344,40.89008397
13.97332444,50.4276874
14.00633545,48.55415898
14.03934645,43.69083917
14.07235745,40.04149004
14.10536846,49.32503826
14.13837946,45.00232911
14.17139046,49.14192509
14.20440147,40.72772069
14.23741247,43.79540611
14.27042347,45.69178979
14.30343448,45.89952798
14.33644548,44.49091729
14.36945649,47.79219101
14.40246749,42.80330743
14.43547849,45.66155778
14.4684895,46.53211064
14.5015005,47.79706775
14.5345115,48.47112339
14.56752251,43.04487999
14.60053351,41.89899127
14.63354451,50.41689175
14.66655552,47.66333083
14.69956652,44.5034567
14.73257753,51.48489974
14.76558853,47.26099523
14.79859953,50.53439039
14.83161054,47.28158179
14.86462154,53.34379763
14.89763254,52.51010389
14.93064355,46.57971642
14.96365455,50.32384923
14.99666556,49.42779174
15.02967656,51.68008607
15.06268756,44.76194852
15.09569857,49.7974008
15.12870957,
15.16172057,42.62808297
15.19473158,44.4370534
15.22774258,41.95165992
15.26075358,47.34366346
15.29376459,50.38703824
15.32677559,52.82401014
15.3597866,48.62175083
15.3927976,53.36784063
15.4258086,44.42421713
15.45881961,43.5369017
15.49183061,48.56293343
15.52484161,49.96430038
15.55785262,48.7965473
15.59086362,42.77483275
15.62387462,48.79232644
15.65688563,45.22880557
15.68989663,51.23375923
15.72290764,50.40706383
15.75591864,46.57015724
15.78892964,47.93072336
15.82194065,46.37721105
15.85495165,49.44934183
15.88796265,52.5853336
15.92097366,46.84525601
15.95398466,51.3971012
15.98699567,48.37671631
16.02000667,47.67139818
16.05301767,49.8114531
16.08602868,47.10934472
16.11903968,48.63665128
16.15205068,46.78649303
16.18506169,56.35682962
16.21807269,132.9084765
16.25108369,48.52853271
16.2840947,51.35217648
16.3171057,50.45578011
16.35011671,50.21238297
16.38312771,52.80031937
16.41613871,53.31286991
16.44914972,49.53137085
16.48216072,49.47794708
16.51517172,50.46277422
16.54818273,44.46469332
16.58119373,46.90741114
16.61420473,55.63613464
16.64721574,56.55294249
16.68022674,50.95345874
16.71323775,53.51276525
16.74624875,52.79937234
16.77925975,61.18479181
16.81227076,55.38940163
16.84528176,51.72945163
16.87829276,49.32911059
16.91130377,47.45892046
16.94431477,52.97117784
16.97732578,50.1742622
17.01033678,48.25908082
17.04334778,50.6686508
17.07635879,49.44625295
17.10936979,57.83484938
17.14238079,55.50087125
17.1753918,52.91456157
17.2084028,57.46083942
17.2414138,53.33563943
17.27442481,50.60220942
17.30743581,57.83796176
17.34044682,54.96784717
17.37345782,50.32190609
17.40646882,52.94515602
17.43947983,50.97184481
17.47249083,49.53282788
17.50550183,56.54228723
17.53851284,59.57453202
17.57152384,49.73310688
17.60453484,55.70024482
17.63754585,-5.353525748
17.67055685,52.71501598
17.70356786,52.48173787
17.73657886,51.74947484
17.76958986,54.56953954
17.80260087,52.01365182
17.83561187,55.40040015
17.86862287,54.52084286
17.90163388,54.03724055
17.93464488,52.11392122
17.96765589,53.18882572
18.00066689,57.2678409
18.03367789,56.58694629
18.0666889,52.23405651
18.0996999,55.54724667
18.1327109,57.58593863
18.16572191,50.40608892
18.19873291,57.12691285
18.23174391,53.59148851
18.26475492,57.3736833
18.29776592,53.45463734
18.33077693,
18.36378793,51.02684251
18.39679893,56.13625217
18.42980994,56.85369235
18.46282094,53.44410248
18.49583194,58.15535724
18.52884295,51.33754718
18.56185395,56.20639548
18.59486495,
18.62787596,54.61418157
18.66088696,56.79441342
18.69389797,54.15350482
18.72690897,55.66360579
18.75991997,59.91867836
18.79293098,55.25165183
18.82594198,59.57193129
18.85895298,53.7582619
18.89196399,58.8193225
18.92497499,61.63714334
18.957986,49.98003149
18.990997,55.08680673
19.024008,59.29123639
19.05701901,57.03341136
19.09003001,58.83851265
19.12304101,55.99564697
19.15605202,58.14989941
19.18906302,57.50562585
19.22207402,61.55853125
19.25508503,58.9009751
19.28809603,
19.32110704,57.06713669
19.35411804,56.92247643
19.38712904,57.17014804
19.42014005,59.73370654
19.45315105,57.36992418
19.48616205,59.58472971
19.51917306,65.02413504
19.55218406,61.49383426
19.58519507,57.98491707
19.61820607,62.64915694
19.65121707,57.90381656
19.68422808,53.09619658
19.71723908,56.26883877
19.75025008,53.76324945
19.78326109,
19.81627209,59.59593536
19.84928309,64.65251967
19.8822941,60.68651737
19.9153051,59.13096117
19.94831611,62.35900701
19.98132711,53.31991185
20.01433811,60.74268896
20.04734912,62.43096837
20.08036012,55.76514156
20.11337112,63.71468994
20.14638213,61.38144454
20.17939313,59.20261909
20.21240413,62.42935594
20.24541514,67.42561642
20.27842614,61.24166412
20.31143715,61.52325462
20.34444815,59.48303767
20.37745915,58.39411477
20.41047016,63.51718284
20.44348116,58.54045142
20.47649216,61.40592912
20.50950317,59.84078558
20.54251417,62.79322491
20.57552518,62.43979925
20.60853618,64.63396028
20.64154718,60.07381876
20.67455819,60.87677066
20.70756919,58.83263183
20.74058019,60.5185707
20.7735912,63.06587947
20.8066022,64.28747135
20.8396132,59.33253704
20.87262421,64.79037828
20.90563521,66.33100161
20.93864622,63.58692025
20.97165722,68.05953049
21.00466822,60.19030296
21.03767923,58.86023396
21.07069023,57.34056483
21.10370123,67.24738602
21.13671224,64.80487756
21.16972324,62.75755409
21.20273424,63.84674149
21.23574525,59.71289598
21.26875625,70.50914657
21.30176726,63.64208169
21.33477826,63.66513003
21.36778926,65.59677303
21.40080027,64.94502836
21.43381127,64.25618025
21.46682227,61.29563232
21.49983328,65.16398827
21.53284428,69.47818419
21.56585529,67.95089835
21.59886629,68.7767256
21.63187729,62.5460462
21.6648883,61.19340628
21.6978993,63.86738749
21.7309103,64.4944505
21.76392131,67.69237782
21.79693231,59.41493689
21.82994331,69.16350924
21.86295432,64.1833621
21.89596532,63.45927009
21.92897633,61.78612769
21.96198733,59.94039831
21.99499833,67.45700758
22.02800934,65.28997724
22.06102034,61.28266815
22.09403134,61.34984204
22.12704235,64.31025177
22.16005335,70.40719795
22.19306435,64.70388683
22.22607536,61.05575954
22.25908636,64.91048671
22.29209737,64.91207271
22.32510837,57.72211099
22.35811937,65.73241383
22.39113038,65.28502235
22.42414138,68.14897255
22.45715238,71.68974925
22.49016339,69.60510356
22.52317439,65.50126991
22.5561854,63.07088576
22.5891964,74.19307041
22.6222074,66.73317381
22.65521841,66.67983389
22.68822941,
22.72124041,67.39735532
22.75425142,66.45254731
22.78726242,65.24717003
22.82027342,65.41010674
22.85328443,67.03495126
22.88629543,65.58546427
22.91930644,65.15972874
22.95231744,67.70008428
22.98532844,66.69838945
23.01833945,72.05782758
23.05135045,59.6754667
23.08436145,70.98542419
23.11737246,
23.15038346,61.65578796
23.18339446,66.93042338
23.21640547,66.92669107
23.24941647,63.9010061
23.28242748,65.87261863
23.31543848,64.95686866
23.34844948,73.62793504
23.38146049,71.2606864
23.41447149,72.35084401
23.44748249,70.78372243
23.4804935,65.31407843
23.5135045,67.21020045
23.54651551,70.33441245
23.57952651,65.28243285
23.61253751,71.17033907
23.64554852,68.3928951
23.67855952,68.07193638
23.71157052,71.41180621
23.74458153,70.69424375
23.77759253,68.36108283
23.81060353,73.00449825
23.84361454,66.36584636
23.87662554,71.53937068
23.90963655,71.55339514
23.94264755,68.92797956
23.97565855,70.91754545
24.00866956,66.26833316
24.04168056,72.87628246
24.07469156,69.6320225
24.10770257,68.70108736
24.14071357,73.49881161
24.17372457,68.32128037
24.20673558,66.29145506
24.23974658,65.92947893
24.27275759,72.49992382
24.30576859,66.92313342
24.33877959,76.11133153
24.3717906,64.68368827
24.4048016,76.10137311
24.4378126,71.72758391
24.47082361,70.88691968
24.50383461,69.62482927
24.53684562,72.53952238
24.56985662,71.31173744
24.60286762,74.8170747
24.63587863,71.93237951
24.66888963,
24.70190063,70.66391495
24.73491164,71.66644222
24.76792264,72.84321191
24.80093364,66.87182893
24.83394465,68.04030535
24.86695565,74.39718141
24.89996666,72.76251295
24.93297766,71.78049414
24.96598866,72.47027346
24.99899967,73.54024428
25.03201067,70.96074763
25.06502167,70.32764001
25.09803268,73.33261746
25.13104368,69.89249087
25.16405468,74.13489498
25.19706569,120.114318
25.23007669,76.16265864
25.2630877,-15.97124795
25.2960987,74.00833595
25.3291097,76.27084721
25.36212071,78.4017251
25.39513171,76.53093947
25.42814271,68.04773409
25.46115372,69.81415339
25.49416472,71.86095607
25.52717573,73.89621246
25.56018673,75.45344388
25.59319773,71.80576289
25.62620874,74.62582213
25.65921974,71.88190055
25.69223074,72.39602345
25.72524175,70.09312108
25.75825275,71.62593214
25.79126375,70.42310557
25.82427476,71.63306714
25.85728576,77.80413979
25.89029677,
25.92330777,82.70541562
25.95631877,76.37075063
25.98932978,75.52783281
26.02234078,72.48077861
26.05535178,77.2393091
26.08836279,73.49399349
26.12137379,75.66946392
26.15438479,83.0662156
26.1873958,75.1803098
26.2204068,78.99883698
26.25341781,73.52401524
26.28642881,75.61110655
26.31943981,81.11100144
26.35245082,74.00022587
26.38546182,81.40100023
26.41847282,78.16943787
26.45148383,74.44130924
26.48449483,78.1084603
26.51750584,79.21142794
26.55051684,78.24172198
26.58352784,71.74814545
26.61653885,74.35993559
26.64954985,75.88131872
26.68256085,76.48310185
26.71557186,78.65094594
26.74858286,77.40456016
26.78159386,72.94795159
26.81460487,78.17710572
26.84761587,78.95079692
26.88062688,78.88093853
26.91363788,80.52643687
26.94664888,79.86838867
26.97965989,78.82668995
27.01267089,77.32118009
27.04568189,72.63132193
27.0786929,78.9855869
27.1117039,78.40232281
27.1447149,78.67652377
27.17772591,74.11406904
27.21073691,74.78367266
27.24374792,81.26882835
27.27675892,78.07323184
27.30976992,80.3189269
27.34278093,78.44190745
27.37579193,78.52874825
27.40880293,81.33685875
27.44181394,77.05640066
27.47482494,78.97542468
27.50783595,77.382764
27.54084695,77.54862869
27.57385795,78.00712851
27.60686896,79.68357371
27.63987996,77.66345403
27.67289096,82.94949579
27.70590197,76.58093301
27.73891297,78.78666749
27.77192397,78.11061676
27.80493498,83.8532711
27.83794598,80.18452928
27.87095699,82.77292608
27.90396799,75.30323885
27.93697899,80.64359828
27.96999,82.59386738
28.003001,80.25435447
28.036012,83.28647114
28.06902301,78.62069217
28.10203401,84.48312735
28.13504502,
28.16805602,79.33162437
28.20106702,79.16615999
28.23407803,84.9453485
28.26708903,85.40643901
28.30010003,79.18167
28.33311104,79.57221714
28.36612204,80.06995128
28.39913304,76.96448108
28.43214405,78.32440428
28.46515505,78.15046533
28.49816606,78.94202244
28.53117706,81.22388799
28.56418806,82.11311435
28.59719907,86.14449914
28.63021007,78.58046305
28.66322107,84.61101988
28.69623208,81.09861366
28.72924308,81.67471657
28.76225408,83.93009369
28.79526509,78.61999666
28.82827609,83.21791947
28.8612871,82.65257436
28.8942981,83.71309904
28.9273091,83.18577869
28.96032011,89.76670069
28.99333111,80.57010782
29.02634211,80.97286442
29.05935312,80.77896121
29.09236412,81.06447895
29.12537513,80.90127643
29.15838613,86.46301492
29.19139713,87.24000557
29.22440814,81.34878146
29.25741914,80.64648113
29.29043014,84.64032203
29.32344115,81.65193373
29.35645215,85.28992583
29.38946315,84.08242695
29.42247416,79.00895305
29.45548516,88.28122851
29.48849617,89.10887343
29.52150717,81.96540185
29.55451817,82.72319075
29.58752918,84.82641911
29.62054018,85.05472082
29.65355118,33.61650346
29.68656219,90.24701908
29.71957319,83.7680913
29.75258419,81.98656875
29.7855952,80.32603031
29.8186062,82.35372539
29.85161721,84.5296621
29.88462821,90.09524411
29.91763921,83.24126414
29.95065022,85.5479894
29.98366122,84.90988436
30.01667222,88.60686038
30.04968323,92.70500535
30.08269423,83.61412926
30.11570524,83.82094476
30.14871624,
30.18172724,87.49999257
30.21473825,91.07696759
30.24774925,87.37115768
30.28076025,84.62402436
30.31377126,87.55639263
30.34678226,89.19306639
30.37979326,88.4109297
30.41280427,87.55383276
30.44581527,89.31456225
30.47882628,89.70495246
30.51183728,90.42607017
30.54484828,88.30825037
30.57785929,85.94329398
30.61087029,86.96731678
30.64388129,90.22923013
30.6768923,84.24142373
30.7099033,87.88077818
30.7429143,85.67726932
30.77592531,87.02604774
30.80893631,
30.84194732,87.67816549
30.87495832,
30.90796932,83.19035488
30.94098033,89.59121152
30.97399133,89.37143087
31.00700233,94.00727001
31.04001334,86.67669864
31.07302434,88.34001184
31.10603535,88.51323941
31.13904635,92.57997571
31.17205735,87.64425678
31.20506836,88.84973547
31.23807936,89.91888793
31.27109036,88.73755328
31.30410137,86.92095257
31.33711237,88.92505091
31.37012337,91.64620369
31.40313438,85.42829005
31.43614538,88.98927248
31.46915639,86.57252852
31.50216739,92.34055836
31.53517839,84.26838527
31.5681894,87.24370795
31.6012004,90.13463663
31.6342114,93.7821006
31.66722241,88.97080524
31.70023341,87.58498495
31.73324441,
31.76625542,85.07159684
31.79926642,82.90174819
31.83227743,90.90073691
31.86528843,88.1570584
31.89829943,86.68205013
31.93131044,91.95334543
31.96432144,90.64220574
31.99733244,88.30109522
32.03034345,86.23494542
32.06335445,92.77575811
32.09636546,92.19151717
32.12937646,90.02591356
32.16238746,95.94587964
32.19539847,87.27824187
32.22840947,85.99444816
32.26142047,88.57782697
32.29443148,
32.32744248,91.54862455
32.36045348,90.17742554
32.39346449,92.03982741
32.42647549,87.31157046
32.4594865,95.48001005
32.4924975,90.98479021
32.5255085,94.66565875
32.55851951,92.42447481
32.59153051,92.84908593
32.62454151,93.27065563
32.65755252,92.98700697
32.69056352,93.65457708
32.72357452,95.7963939
32.75658553,92.48102733
32.78959653,94.1010026
32.82260754,91.78731176
32.85561854,96.459398
32.88862954,90.19239695
32.92164055,97.70692267
32.95465155,92.26615502
32.98766255,88.17683108
33.02067356,92.93599714
33.05368456,90.59105643
33.08669557,95.23866956
33.11970657,90.84139448
33.15271757,91.54324363
33.18572858,87.29569925
33.21873958,91.68992999
33.25175058,85.85773848
33.28476159,88.4601955
33.31777259,95.57567545
33.35078359,95.73435946
33.3837946,94.73585918
33.4168056,90.64108558
33.44981661,93.48140745
33.48282761,93.69626141
33.51583861,90.31450246
33.54884962,98.38231895
33.58186062,96.58673842
33.61487162,93.37428654
33.64788263,94.20036409
33.68089363,94.8273825
33.71390463,88.15955698
33.74691564,93.62575695
33.77992664,92.40386386
33.81293765,91.52748409
33.84594865,93.77157075
33.87895965,100.0904587
33.91197066,96.70245523
33.94498166,93.14891718
33.97799266,96.66273
34.01100367,28.90243958
34.04401467,97.88393773
34.07702568,95.3714553
34.11003668,93.33428136
34.14304768,97.45228915
34.17605869,96.62060287
34.20906969,98.20825388
34.24208069,97.51071714
34.2750917,98.83638739
34.3081027,94.16455112
34.3411137,
34.37412471,96.52811058
34.40713571,102.2436219
34.44014672,94.03280333
34.47315772,20.57624829
34.50616872,
34.53917973,94.39369531
34.57219073,94.97881932
34.60520173,95.55196241
34.63821274,97.86802968
34.67122374,98.24656582
34.70423474,
34.73724575,96.77005059
34.77025675,103.352453
34.80326776,102.1907989
34.83627876,98.39966791
34.86928976,97.28723484
34.90230077,97.6158459
34.93531177,99.17883334
34.96832277,94.35242924
35.00133378,96.73120483
35.03434478,92.58010973
35.06735579,98.86605883
35.10036679,99.69250479
35.13337779,96.38388509
35.1663888,102.6379323
35.1993998,94.32120251
35.2324108,93.68790237
35.26542181,98.83690997
35.29843281,101.3873769
35.33144381,103.3803926
35.36445482,97.03448426
35.39746582,101.7297071
35.43047683,98.46066666
35.46348783,98.14083767
35.49649883,101.3922269
35.52950984,100.7807432
35.56252084,94.17712563
35.59553184,103.4184507
35.62854285,103.2116312
35.66155385,97.27719652
35.69456485,100.4238227
35.72757586,
35.76058686,100.1834885
35.79359787,97.8330792
35.82660887,97.55165207
35.85961987,29.55455613
35.89263088,103.2497643
35.92564188,101.4449052
35.95865288,98.78478921
35.99166389,102.2942559
36.02467489,
36.0576859,103.5905118
36.0906969,95.00760091
36.1237079,99.22194693
36.15671891,97.03278758
36.18972991,96.59028035
36.22274091,104.0393326
36.25575192,99.23627619
36.28876292,101.7614189
36.32177392,100.6636731
36.35478493,102.3180848
36.38779593,101.1999555
36.42080694,97.20304067
36.45381794,104.1233453
36.48682894,99.73580261
36.51983995,96.62985417
36.55285095,100.0977819
36.58586195,105.9669343
36.61887296,104.0978476
36.65188396,100.5837535
36.68489496,100.6644643
36.71790597,100.8298598
36.75091697,
36.78392798,103.1056263
36.81693898,103.3324724
36.84994998,105.2157253
36.88296099,102.9237699
36.91597199,101.5128035
36.94898299,101.7834079
36.981994,102.2401812
37.015005,102.4258458
37.04801601,104.8029286
37.08102701,
37.11403801,104.9830153
37.14704902,
37.18006002,52.48532974
37.21307102,97.03807551
37.24608203,105.8641881
37.27909303,104.237198
37.31210403,106.2742904
37.34511504,94.67402146
37.37812604,109.7104392
37.41113705,103.1090737
37.44414805,106.9349186
37.47715905,100.5731799
37.51017006,105.6137469
37.54318106,197.3110502
37.57619206,102.0691733
37.60920307,109.7651017
37.64221407,103.533488
37.67522508,104.8403613
37.70823608,106.8807934
37.74124708,105.8401634
37.77425809,104.8869019
37.80726909,105.6130557
37.84028009,111.810947
37.8732911,104.5103714
37.9063021,105.3690524
37.9393131,108.0002459
37.97232411,108.2473881
38.00533511,108.5744287
38.03834612,107.012056
38.07135712,101.7493781
38.10436812,110.1612149
38.13737913,101.9044116
38.17039013,106.3338817
38.20340113,103.2456753
38.23641214,105.3986153
38.26942314,106.6598451
38.30243414,106.720157
38.33544515,107.1043751
38.36845615,110.7622742
38.40146716,107.3642708
38.43447816,105.3537255
38.46748916,109.0609844
38.50050017,109.8196619
38.53351117,102.6509545
38.56652217,108.2085056
38.59953318,108.6023512
38.63254418,
38.66555519,110.7910084
38.69856619,106.2962487
38.73157719,
38.7645882,106.392255
38.7975992,
38.8306102,
38.86362121,102.8389004
38.89663221,
38.92964321,104.783224
38.96265422,104.4324585
38.99566522,101.0289927
39.02867623,105.6548053
39.06168723,103.6849487
39.09469823,112.6627911
39.12770924,110.8487244
39.16072024,105.8373496
39.19373124,
39.22674225,111.0121521
39.25975325,107.174889
39.29276425,
39.32577526,115.1872659
39.35878626,104.2282483
39.39179727,103.5432969
39.42480827,111.629732
39.45781927,
39.49083028,112.8798941
39.52384128,110.5013306
39.55685228,110.6763937
39.58986329,111.5349049
39.62287429,111.3339715
39.6558853,188.7729111
39.6888963,109.5348441
39.7219073,109.1169889
39.75491831,107.125402
39.78792931,108.627798
39.82094031,104.4734803
39.85395132,109.3398594
39.88696232,106.7516325
39.91997332,106.4891654
39.95298433,110.4221433
39.98599533,114.1409952
40.01900634,112.8024657
40.05201734,
40.08502834,107.2436864
40.11803935,113.1174119
40.15105035,107.4301637
40.18406135,109.7862539
40.21707236,112.1928372
40.25008336,107.720175
40.28309436,111.0238624
40.31610537,106.7881869
40.34911637,109.068688
40.38212738,111.9146642
40.41513838,106.2588647
40.44814938,112.4417977
40.48116039,111.1439876
40.51417139,112.9428983
40.54718239,112.0396984
40.5801934,115.5429048
40.6132044,111.9086845
40.64621541,110.3273219
40.67922641,112.0649585
40.71223741,113.4104876
40.74524842,112.0097013
40.77825942,112.0674236
40.81127042,109.922201
40.84428143,110.1220008
40.87729243,107.9854153
40.91030343,117.5244888
40.94331444,108.6266964
40.97632544,110.362098
41.00933645,110.3681193
41.04234745,115.2906418
41.07535845,111.8035471
41.10836946,116.5141499
41.14138046,110.8329793
41.17439146,113.7729611
41.20740247,110.512465
41.24041347,119.5364811
41.27342447,109.6207659
41.30643548,114.1955508
41.33944648,115.2499468
41.37245749,114.672541
41.40546849,112.9578082
41.43847949,113.2067366
41.4714905,113.8101607
41.5045015,113.3202477
41.5375125,116.7354186
41.57052351,120.5578778
41.60353451,112.3363609
41.63654552,109.9819548
41.66955652,113.9090452
41.70256752,121.9955468
41.73557853,111.9279226
41.76858953,119.3388242
41.80160053,38.40975425
41.83461154,112.9257641
41.86762254,116.3760056
41.90063354,119.6367737
41.93364455,113.6967281
41.96665555,114.3058978
41.99966656,113.2541236
42.03267756,112.0374237
42.06568856,113.2163888
42.09869957,111.5749281
42.13171057,115.4315268
42.16472157,113.1018842
42.19773258,116.1956892
42.23074358,
42.26375458,116.6520272
42.29676559,118.2425009
42.32977659,109.8432346
42.3627876,117.0291387
42.3957986,119.6725035
42.4288096,112.443101
42.46182061,121.1722687
42.49483161,117.4941361
42.52784261,114.204571
42.56085362,116.2348268
42.59386462,118.1596423
42.62687563,116.7952052
42.65988663,118.2659845
42.69289763,113.9702233
42.72590864,117.3228541
42.75891964,112.6561556
42.79193064,116.6461484
42.82494165,114.3506312
42.85795265,114.9382918
42.89096365,120.9356887
42.92397466,120.583867
42.95698566,119.2198785
42.98999667,114.1980534
43.02300767,116.6082938
43.05601867,121.2793398
43.08902968,118.1477249
43.12204068,124.7630903
43.15505168,
43.18806269,118.5463041
43.22107369,117.1253348
43.25408469,118.5358345
43.2870957,117.7603297
43.3201067,120.4245928
43.35311771,121.2529012
43.38612871,116.1073534
43.41913971,114.5541504
43.45215072,113.1217607
43.48516172,120.2368783
43.51817272,115.485332
43.55118373,112.4192875
43.58419473,120.1262226
43.61720574,126.5220129
43.65021674,119.1073291
43.68322774,121.7235417
43.71623875,119.5360849
43.74924975,119.0764554
43.78226075,122.2128813
43.81527176,118.6673558
43.84828276,120.4228838
43.88129376,120.6683278
43.91430477,117.7814906
43.94731577,122.8444165
43.98032678,119.4259377
44.01333778,117.766109
44.04634878,121.7254015
44.07935979,117.5029955
44.11237079,120.3654704
44.14538179,120.3360975
44.1783928,29.73401585
44.2114038,121.9526042
44.2444148,120.5359561
44.27742581,123.1468634
44.31043681,124.9467147
44.34344782,122.5320505
44.37645882,120.9722049
44.40946982,117.0881659
44.44248083,117.9108611
44.47549183,120.2730555
44.50850283,119.4427205
44.54151384,120.7928707
44.57452484,121.6062619
44.60753585,123.1079179
44.64054685,
44.67355785,123.1433996
44.70656886,121.9598454
44.73957986,115.92255
44.77259086,119.113471
44.80560187,121.581742
44.83861287,118.4674479
44.87162387,123.9788459
44.90463488,126.8538397
44.93764588,
44.97065689,121.7863136
45.00366789,126.9813481
45.03667889,123.0376996
45.0696899,
45.1027009,120.9165443
45.1357119,121.9318707
45.16872291,
45.20173391,123.5155834
45.23474491,123.5685842
45.26775592,123.1785279
45.30076692,124.5627318
45.33377793,126.9063836
45.36678893,126.2656347
45.39979993,119.0448059
45.43281094,115.9202639
45.46582194,126.4675146
45.49883294,119.6464463
45.53184395,123.1553137
45.56485495,120.4017983
45.59786596,118.5887236
45.63087696,125.7015806
45.66388796,126.4371854
45.69689897,122.5127162
45.72990997,116.551648
45.76292097,122.7685691
45.79593198,125.665242
45.82894298,120.1356227
45.86195398,125.2049647
45.89496499,124.6914829
45.92797599,
45.960987,125.2612086
45.993998,122.0657882
46.027009,128.657237
46.06002001,124.6744613
46.09303101,125.1506639
46.12604201,122.5153012
46.15905302,124.0677858
46.19206402,122.8257519
46.22507503,125.0438494
46.25808603,130.7803405
46.29109703,121.6120392
46.32410804,120.9695859
46.35711904,130.3063086
46.39013004,125.3473541
46.42314105,124.0506344
46.45615205,129.2600942
46.48916305,124.406061
46.52217406,131.7834643
46.55518506,128.4217403
46.58819607,125.0067559
46.62120707,185.2679702
46.65421807,124.8184004
46.68722908,128.9443588
46.72024008,127.6984779
46.75325108,130.7883516
46.78626209,131.6501888
46.81927309,127.1441952
46.85228409,
46.8852951,128.5931542
46.9183061,125.2626191
46.95131711,133.4184545
46.98432811,127.8704263
47.01733911,126.4473831
47.05035012,128.1799162
47.08336112,123.6670239
47.11637212,124.8760882
47.14938313,131.4746995
47.18239413,125.9853025
47.21540514,124.8977799
47.24841614,129.7309986
47.28142714,131.7606803
47.31443815,130.4429553
47.34744915,
47.38046015,126.1807651
47.41347116,124.2682459
47.44648216,133.1202064
47.47949316,127.7306934
47.51250417,128.0287614
47.54551517,132.8483704
47.57852618,130.6150055
47.61153718,130.3965063
47.64454818,135.6063775
47.67755919,127.2633433
47.71057019,132.0599459
47.74358119,129.5299924
47.7765922,130.2472573
47.8096032,
47.8426142,131.1300428
47.87562521,131.3039513
47.90863621,132.9891125
47.94164722,128.7592599
47.97465822,127.4190165
48.00766922,126.8847455
48.04068023,124.2026308
48.07369123,136.3528495
48.10670223,126.9571305
48.13971324,129.6855222
48.17272424,129.6013707
48.20573525,131.4365582
48.23874625,133.0440773
48.27175725,133.2608136
48.30476826,
48.33777926,130.343083
48.37079026,131.7747155
48.40380127,130.2634298
48.43681227,135.9140674
48.46982327,132.647483
48.50283428,133.4617191
48.53584528,133.328257
48.56885629,134.9425623
48.60186729,132.0477329
48.63487829,127.6966999
48.6678893,132.8687871
48.7009003,129.7981801
48.7339113,130.2489282
48.76692231,133.6763978
48.79993331,135.7146825
48.83294431,132.1461755
48.86595532,133.0913873
48.89896632,137.3540606
48.93197733,133.0522029
48.96498833,140.2175202
48.99799933,134.1915273
49.03101034,127.2952376
49.06402134,134.9200782
49.09703234,133.886056
49.13004335,136.6943666
49.16305435,134.9271799
49.19606536,132.5747954
49.22907636,129.3997962
49.26208736,132.5281486
49.29509837,130.6861846
49.32810937,131.5787031
49.36112037,135.1685361
49.39413138,138.495042
49.42714238,134.7518705
49.46015338,130.0627343
49.49316439,135.066719
49.52617539,137.4053329
49.5591864,132.0686173
49.5921974,133.578442
49.6252084,134.1070856
49.65821941,131.7908536
49.69123041,136.1729173
49.72424141,133.9477591
49.75725242,135.6517284
49.79026342,131.813182
49.82327442,133.2458112
49.85628543,136.8078576
49.88929643,133.6047416
49.92230744,139.9866601
49.95531844,133.6893875
49.98832944,135.6448778
50.02134045,137.8511236
50.05435145,130.8807814
50.08736245,129.9359797
50.12037346,130.7239647
50.15338446,139.1712135
50.18639547,133.8104142
50.21940647,143.223114
50.25241747,133.9383009
50.28542848,136.2672251
50.31843948,140.4224286
50.35145048,141.8969049
50.38446149,142.1456644
50.41747249,139.6687799
50.45048349,139.1983963
50.4834945,137.9863171
50.5165055,138.626347
50.54951651,134.7202341
50.58252751,134.0017221
50.61553851,136.5287229
50.64854952,186.7748801
50.68156052,135.3442172
50.71457152,138.8755912
50.74758253,139.7348719
50.78059353,137.2167045
50.81360453,
50.84661554,133.6914715
50.87962654,136.618088
50.91263755,135.1311269
50.94564855,131.7645115
50.97865955,137.1986068
51.01167056,137.1639339
51.04468156,142.1520531
51.07769256,139.5866665
51.11070357,134.7041984
51.14371457,143.4215641
51.17672558,141.604915
51.20973658,139.7706346
51.24274758,137.4274167
51.27575859,135.3110788
51.30876959,137.1553036
51.34178059,141.6206973
51.3747916,144.0907379
51.4078026,143.1492371
51.4408136,137.1354857
51.47382461,135.3257092
51.50683561,139.1897478
51.53984662,133.5442984
51.57285762,139.9016472
51.60586862,227.0584347
51.63887963,137.6990896
51.67189063,134.3956174
51.70490163,140.8030544
51.73791264,137.7466791
51.77092364,135.9175586
51.80393464,130.89305
51.83694565,139.5098194
51.86995665,144.9916464
51.90296766,144.7411968
51.93597866,138.4686579
51.96898966,138.115838
52.00200067,141.4113244
52.03501167,137.0923729
52.06802267,141.0754324
52.10103368,142.550825
52.13404468,
52.16705569,140.117177
52.20006669,139.8891455
52.23307769,137.9487465
52.2660887,138.1845807
52.2990997,140.0683126
52.3321107,141.9323733
52.36512171,143.6535581
52.39813271,138.5857949
52.43114371,145.555925
52.46415472,140.347016
52.49716572,141.1788124
52.53017673,139.0838068
52.56318773,134.1352485
52.59619873,144.142633
52.62920974,143.783556
52.66222074,140.8115692
52.69523174,
52.72824275,143.3684245
52.76125375,137.2154968
52.79426475,140.3985039
52.82727576,
52.86028676,138.3878486
52.89329777,143.1139182
52.92630877,138.2460265
52.95931977,143.7975894
52.99233078,142.3739025
53.02534178,137.717959
53.05835278,146.1401
53.09136379,140.5246347
53.12437479,140.3801797
53.1573858,143.4951721
53.1903968,146.421904
53.2234078,140.011054
53.25641881,143.3260866
53.28942981,144.510024
53.32244081,145.3854189
53.35545182,143.9179542
53.38846282,142.3700735
53.42147382,141.0709139
53.45448483,143.8946437
53.48749583,140.5023225
53.52050684,135.0372156
53.55351784,145.193474
53.58652884,146.6781266
53.61953985,136.9600523
53.65255085,141.102185
53.68556185,146.0713674
53.71857286,150.4689186
53.75158386,144.4413408
53.78459486,142.2774783
53.81760587,143.9953253
53.85061687,148.7511714
53.88362788,142.7711772
53.91663888,142.3940212
53.94964988,143.4258941
53.98266089,142.0966664
54.01567189,145.4071907
54.04868289,149.9957426
54.0816939,146.1734726
54.1147049,144.5297017
54.14771591,144.493856
54.18072691,140.7622448
54.21373791,148.1836741
54.24674892,145.3833607
54.27975992,145.1579601
54.31277092,155.36125
54.34578193,146.7607135
54.37879293,143.6916092
54.41180393,144.750437
54.44481494,149.5573745
54.47782594,146.5343761
54.51083695,141.9622584
54.54384795,149.1173067
54.57685895,144.4377151
54.60986996,152.1445682
54.64288096,149.8473466
54.67589196,145.3477642
54.70890297,150.6153065
54.74191397,147.0583515
54.77492497,149.4956335
54.80793598,148.4740384
54.84094698,144.5632975
54.87395799,145.2542455
54.90696899,150.3573049
54.93997999,146.345624
54.972991,146.2215321
55.006002,144.6496373
55.039013,148.8683297
55.07202401,153.8676348
55.10503501,144.5599888
55.13804602,147.9177734
55.17105702,152.1643042
55.20406802,147.7712459
55.23707903,149.449813
55.27009003,144.9880445
55.30310103,149.5426739
55.33611204,147.7788473
55.36912304,
55.40213404,152.0674933
55.43514505,156.3565535
55.46815605,150.4092896
55.50116706,149.7303066
55.53417806,149.4185981
55.56718906,147.8584738
55.60020007,
55.63321107,148.1968234
55.66622207,149.6709381
55.69923308,153.2008753
55.73224408,146.3109825
55.76525509,152.8327734
55.79826609,153.4470104
55.83127709,217.6602449
55.8642881,143.2951555
55.8972991,147.9197818
55.9303101,153.7167589
55.96332111,149.8396986
55.99633211,146.9929236
56.02934311,148.559033
56.06235412,152.6777454
56.09536512,151.8786135
56.12837613,149.604144
56.16138713,149.3029946
56.19439813,149.3107209
56.22740914,147.8012923
56.26042014,155.4971774
56.29343114,149.7666165
56.32644215,154.4675809
56.35945315,155.462581
56.39246415,153.9760931
56.42547516,149.768827
56.45848616,152.3574057
56.49149717,151.1561561
56.52450817,148.6001648
56.55751917,152.3668758
56.59053018,147.9392061
56.62354118,155.1218911
56.65655218,150.2475286
56.68956319,152.3273869
56.72257419,152.6562991
56.7555852,151.1122481
56.7885962,153.7315719
56.8216072,150.629307
56.85461821,154.7504374
56.88762921,148.181134
56.92064021,152.6807393
56.95365122,158.200915
56.98666222,149.4656616
57.01967322,150.5159481
57.05268423,154.1734341
57.08569523,153.2529834
57.11870624,153.8486559
57.15171724,154.3468545
57.18472824,154.865985
57.21773925,156.3734476
57.25075025,88.91044545
57.28376125,152.4856302
57.31677226,155.3096517
57.34978326,
57.38279426,153.0590844
57.41580527,
57.44881627,156.9432827
57.48182728,153.3434247
57.51483828,147.2690871
57.54784928,156.4118882
57.58086029,152.3461662
57.61387129,153.7630784
57.64688229,155.1131467
57.6798933,154.7712323
57.7129043,
57.74591531,153.0583292
57.77892631,155.9866332
57.81193731,153.7512032
57.84494832,156.8288022
57.87795932,156.5410008
57.91097032,151.9711097
57.94398133,158.1178997
57.97699233,153.3345905
58.01000333,157.4491817
58.04301434,156.2093978
58.07602534,160.7046144
58.10903635,154.6021929
58.14204735,154.307168
58.17505835,155.3793871
58.20806936,154.610634
58.24108036,158.0025266
58.27409136,150.8362966
58.30710237,152.6067087
58.34011337,152.6468747
58.37312437,158.7837337
58.40613538,94.22183459
58.43914638,155.7845183
58.47215739,155.6739283
58.50516839,
58.53817939,
58.5711904,153.6459166
58.6042014,157.2256104
58.6372124,159.5186239
58.67022341,158.178841
58.70323441,157.3268309
58.73624542,159.8437518
58.76925642,148.8134442
58.80226742,159.0392945
58.83527843,155.125969
58.86828943,151.6788249
58.90130043,158.7868589
58.93431144,161.4567542
58.96732244,157.0059606
59.00033344,160.3594573
59.03334445,162.4201959
59.06635545,161.610632
59.09936646,162.6683097
59.13237746,160.0573261
59.16538846,158.1397721
59.19839947,153.1901012
59.23141047,157.3403387
59.26442147,155.6313139
59.29743248,164.7564093
59.33044348,157.7984513
59.36345448,158.7782506
59.39646549,160.1456198
59.42947649,
59.4624875,163.7413719
59.4954985,156.8707982
59.5285095,159.4050961
59.56152051,156.6763895
59.59453151,155.0262612
59.62754251,157.233549
59.66055352,159.0402734
59.69356452,157.9460046
59.72657553,157.2391759
59.75958653,155.1800139
59.79259753,159.2321771
59.82560854,155.0498602
59.85861954,161.9267167
59.89163054,159.9763956
59.92464155,155.4389494
59.95765255,158.9665041
59.99066355,157.7201897
60.02367456,161.0167099
60.05668556,164.1630652
60.08969657,154.598724
60.12270757,160.6518472
60.15571857,159.908898
60.18872958,162.4858442
60.22174058,161.1939413
60.25475158,158.380971
60.28776259,159.7622447
60.32077359,158.4138564
60.35378459,164.1124829
60.3867956,161.0309239
60.4198066,166.7530886
60.45281761,160.9500616
60.48582861,159.0893512
60.51883961,
60.55185062,155.9702075
60.58486162,156.7097462
60.61787262,162.3460615
60.65088363,163.1533841
60.68389463,156.9661645
60.71690564,164.477379
60.74991664,160.4256084
60.78292764,162.3976981
60.81593865,166.8765085
60.84894965,164.8128921
60.88196065,161.3993097
60.91497166,159.6138525
60.94798266,155.9145104
60.98099366,160.2950242
61.01400467,161.901621
61.04701567,159.6560006
61.08002668,162.3062958
61.11303768,163.0131498
61.14604868,162.1905538
61.17905969,160.9976415
61.21207069,163.5361407
61.24508169,164.4385262
61.2780927,159.9240345
61.3111037,167.5105564
61.3441147,163.0645224
61.37712571,163.4993631
61.41013671,165.6499851
61.44314772,164.3075177
61.47615872,166.5498067
61.50916972,164.6342968
61.54218073,162.0181397
61.57519173,165.0224899
61.60820273,160.5893282
61.64121374,164.4287135
61.67422474,164.0858719
61.70723575,163.6437388
61.74024675,163.9650043
61.77325775,158.7875972
61.80626876,162.8694972
61.83927976,164.8767341
61.87229076,165.1602961
61.90530177,259.6985677
61.93831277,168.6429054
61.97132377,162.3297849
62.00433478,167.9192085
62.03734578,166.3749475
62.07035679,163.23721
62.10336779,170.5843522
62.13637879,161.7600365
62.1693898,168.180937
62.2024008,168.507749
62.2354118,163.5766689
62.26842281,169.8484529
62.30143381,165.003445
62.33444481,166.7021929
62.36745582,166.6996051
62.40046682,165.5982408
62.43347783,168.5161194
62.46648883,168.5466882
62.49949983,161.0031537
62.53251084,
62.56552184,161.4263286
62.59853284,169.5939707
62.63154385,169.958975
62.66455485,163.3884878
62.69756586,165.5114718
62.73057686,79.49679373
62.76358786,166.2642066
62.79659887,166.0673943
62.82960987,169.4130063
62.86262087,171.0874784
62.89563188,171.4261311
62.92864288,165.6351031
62.96165388,166.7764691
62.99466489,162.4363476
63.02767589,74.01870611
63.0606869,170.5462721
63.0936979,172.5809932
63.1267089,164.1137256
63.15971991,166.121907
63.19273091,
63.22574191,
63.25875292,165.7180717
63.29176392,169.5015929
63.32477492,166.8904193
63.35778593,168.351108
63.39079693,170.1158451
63.42380794,168.5787866
63.45681894,167.3328897
63.48982994,168.3957454
63.52284095,168.5420135
63.55585195,167.7795968
63.58886295,168.1957692
63.62187396,173.8506264
63.65488496,170.8199707
63.68789597,168.333299
63.72090697,171.3931306
63.75391797,168.3833365
63.78692898,172.9866964
63.81993998,170.6587765
63.85295098,169.310471
63.88596199,
63.91897299,165.084804
63.95198399,166.4996576
63.984995,166.3807125
64.018006,170.4738443
64.05101701,175.3250875
64.08402801,176.9039705
64.11703901,172.2067508
64.15005002,171.8776585
64.18306102,165.0544793
64.21607202,168.9121587
64.24908303,168.2593563
64.28209403,168.8426923
64.31510504,170.2833311
64.34811604,169.4540184
64.38112704,165.0149182
64.41413805,173.2790759
64.44714905,167.8996435
64.48016005,171.9181407
64.51317106,177.5051757
64.54618206,168.6073014
64.57919306,163.8571201
64.61220407,170.6724975
64.64521507,174.9159166
64.67822608,177.5706076
64.71123708,168.0894439
64.74424808,173.3507179
64.77725909,170.5472163
64.81027009,250.0507518
64.84328109,180.0412328
64.8762921,167.6818193
64.9093031,173.0344767
64.9423141,173.7588648
64.97532511,175.6956717
65.00833611,172.8147897
65.04134712,173.5275194
65.07435812,171.5109496
65.10736912,173.5758036
65.14038013,171.8213735
65.17339113,174.7981935
65.20640213,171.9071743
65.23941314,
65.27242414,173.0932719
65.30543515,176.6417386
65.33844615,173.1919342
65.37145715,168.1095455
65.40446816,177.2969349
65.43747916,170.876501
65.47049016,171.7149264
65.50350117,171.971769
65.53651217,177.9645947
65.56952317,167.5167853
65.60253418,183.419581
65.63554518,177.2570334
65.66855619,174.8411072
65.70156719,174.089236
65.73457819,175.1931077
65.7675892,78.62469348
65.8006002,176.4371473
65.8336112,176.2508414
65.86662221,174.9352976
65.89963321,174.1570678
65.93264421,174.3777907
65.96565522,174.3294132
65.99866622,178.3979758
66.03167723,176.8598632
66.06468823,166.3405547
66.09769923,177.2119504
66.13071024,175.9109842
66.16372124,175.3531768
66.19673224,174.3262753
66.22974325,178.9466963
66.26275425,178.499465
66.29576526,173.4207801
66.32877626,177.0430975
66.36178726,172.989498
66.39479827,
66.42780927,174.1893715
66.46082027,178.7392311
66.49383128,179.0939533
66.52684228,177.856362
66.55985328,178.5749206
66.59286429,178.0306956
66.62587529,174.6402434
66.6588863,177.9429834
66.6918973,179.1309718
66.7249083,179.0751447
66.75791931,180.4615384
66.79093031,179.1022373
66.82394131,178.1141979
66.85695232,180.3528315
66.88996332,177.1453445
66.92297432,174.6618119
66.95598533,176.9007624
66.98899633,175.2377829
67.02200734,175.5294835
67.05501834,177.2039898
67.08802934,175.3428136
67.12104035,176.8787163
67.15405135,172.2042844
67.18706235,178.607537
67.22007336,178.0537998
67.25308436,175.681445
67.28609537,180.1929754
67.31910637,181.1104763
67.35211737,173.5576138
67.38512838,176.1746466
67.41813938,176.2379214
67.45115038,
67.48416139,181.198828
67.51717239,178.2114526
67.55018339,178.081914
67.5831944,172.9463989
67.6162054,91.38123188
67.64921641,175.4052658
67.68222741,179.3853664
67.71523841,180.1202268
67.74824942,183.4525993
67.78126042,175.5266899
67.81427142,170.4771421
67.84728243,180.1697547
67.88029343,185.1022671
67.91330443,183.5001001
67.94631544,180.4947668
67.97932644,178.4734075
68.01233745,182.4522114
68.04534845,177.1927325
68.07835945,181.6249719
68.11137046,181.7948366
68.14438146,
68.17739246,188.7224613
68.21040347,181.7032566
68.24341447,179.0816453
68.27642548,180.6143408
68.30943648,175.4663635
68.34244748,178.7719793
68.37545849,179.7107989
68.40846949,179.4489085
68.44148049,181.5607658
68.4744915,178.7189689
68.5075025,184.6318483
68.5405135,181.351905
68.57352451,181.4059103
68.60653551,180.5326546
68.63954652,182.0644383
68.67255752,184.1566886
68.70556852,179.1625307
68.73857953,179.8720993
68.77159053,181.0177982
68.80460153,177.9738911
68.83761254,179.6362578
68.87062354,180.7478962
68.90363454,
68.93664555,183.1292979
68.96965655,183.0049111
69.00266756,185.0593628
69.03567856,182.177081
69.06868956,183.8431185
69.10170057,182.4445862
69.13471157,183.632866
69.16772257,181.1710305
69.20073358,
69.23374458,182.681524
69.26675559,187.4351334
69.29976659,186.0280627
69.33277759,186.2281364
69.3657886,187.1228637
69.3987996,183.7629718
69.4318106,184.1714736
69.46482161,181.8090983
69.49783261,182.796363
69.53084361,185.6744225
69.56385462,187.5212899
69.59686562,183.5738252
69.62987663,182.7241238
69.66288763,184.1588029
69.69589863,186.0433668
69.72890964,179.9907096
69.76192064,177.5162587
69.79493164,182.8357186
69.82794265,180.9077193
69.86095365,183.1279635
69.89396465,184.2915707
69.92697566,183.4576939
69.95998666,189.2573693
69.99299767,185.9627285
70.02600867,185.9664448
70.05901967,187.0141706
70.09203068,181.8135773
70.12504168,188.4299396
70.15805268,185.1678389
70.19106369,187.4891011
70.22407469,182.344615
70.2570857,180.9814379
70.2900967,188.1789107
70.3231077,186.9369978
70.35611871,183.1841421
70.38912971,183.363835
70.42214071,189.4316561
70.45515172,182.5696436
70.48816272,191.1484257
70.52117372,183.6010721
70.55418473,188.3006376
70.58719573,185.4821339
70.62020674,188.3600791
70.65321774,185.0007023
70.68622874,186.2271931
70.71923975,186.9208569
70.75225075,183.8740645
70.78526175,189.1856274
70.81827276,275.7620016
70.85128376,186.4424097
70.88429476,184.2276888
70.91730577,179.6062634
70.95031677,186.8027086
70.98332778,194.6961657
71.01633878,189.8946598
71.04934978,187.5655933
71.08236079,186.9172295
71.11537179,187.8558272
71.14838279,189.5123143
71.1813938,184.411046
71.2144048,191.3789771
71.24741581,190.2646835
71.28042681,190.3556242
71.31343781,189.5990217
71.34644882,188.424972
71.37945982,190.4672333
71.41247082,190.3066195
71.44548183,187.5515824
71.47849283,186.9754268
71.51150383,189.0843285
71.54451484,193.5083476
71.57752584,185.2264934
71.61053685,184.6237663
71.64354785,189.6031521
71.67655885,189.3440602
71.70956986,189.7939496
71.74258086,190.0883117
71.77559186,188.7693729
71.80860287,193.9910975
71.84161387,184.8013227
71.87462487,187.2010711
71.90763588,189.4593254
71.94064688,184.9220508
71.97365789,189.4065815
72.00666889,195.0010827
72.03967989,190.1618592
72.0726909,101.3696675
72.1057019,186.4837605
72.1387129,188.497698
72.17172391,189.3037206
72.20473491,189.558692
72.23774592,
72.27075692,192.3499655
72.30376792,187.4250459
72.33677893,191.5814617
72.36978993,192.4191401
72.40280093,194.4274494
72.43581194,293.4441558
72.46882294,188.1267748
72.50183394,188.8220123
72.53484495,187.5643788
72.56785595,190.7175803
72.60086696,192.9012425
72.63387796,194.5466984
72.66688896,191.4393693
72.69989997,
72.73291097,192.2875514
72.76592197,189.4093762
72.79893298,198.2659486
72.83194398,187.2568769
72.86495498,192.7166092
72.89796599,198.3157336
72.93097699,192.347842
72.963988,191.8398529
72.996999,
73.03001,192.03385
73.06302101,196.7760979
73.09603201,
73.12904301,197.4229086
73.16205402,188.6332636
73.19506502,192.1877056
73.22807603,191.7824568
73.26108703,194.9183774
73.29409803,188.440872
73.32710904,194.7042906
73.36012004,
73.39313104,189.3933056
73.42614205,194.1344736
73.45915305,191.6619361
73.49216405,195.0080718
73.52517506,193.870381
73.55818606,191.9710044
73.59119707,195.4416095
73.62420807,199.4735645
73.65721907,193.5703363
73.69023008,196.384849
73.72324108,190.4282838
73.75625208,
73.78926309,195.8903766
73.82227409,199.0080333
73.8552851,195.7050528
73.8882961,193.7815662
73.9213071,194.801142
73.95431811,191.1345721
73.98732911,
74.02034011,197.6978495
74.05335112,
74.08636212,193.8057789
74.11937312,196.0960675
74.15238413,194.0708011
74.18539513,195.26509
74.21840614,201.8451807
74.25141714,194.8874657
74.28442814,194.6360499
74.31743915,193.8509724
74.35045015,198.1087013
74.38346115,195.4149804
74.41647216,194.0930613
74.44948316,200.08762
74.48249416,200.4650444
74.51550517,194.4874922
74.54851617,190.7716706
74.58152718,199.476359
74.61453818,194.482456
74.64754918,198.9907498
74.68056019,190.791089
74.71357119,199.46172
74.74658219,193.2329397
74.7795932,199.1412754
74.8126042,197.0743297
74.84561521,194.2522198
74.87862621,195.9754566
74.91163721,199.3380484
74.94464822,197.6793039
74.97765922,199.197387
75.01067022,203.4559973
75.04368123,192.9164782
75.07669223,202.5433683
75.10970323,198.0873259
75.14271424,195.1604335
75.17572524,193.9483722
75.20873625,197.4544794
75.24174725,200.8693185
75.27475825,197.8042483
75.30776926,202.8028879
75.34078026,193.9984236
75.37379126,198.3982113
75.40680227,194.7598253
75.43981327,199.6904288
75.47282427,201.3427229
75.50583528,197.5023028
75.53884628,191.0344741
75.57185729,
75.60486829,200.3223864
75.63787929,200.3075825
75.6708903,202.8845723
75.7039013,196.0465922
75.7369123,201.3829291
75.76992331,294.2743256
75.80293431,194.171573
75.83594532,200.5488188
75.86895632,198.1598513
75.90196732,199.5103503
75.93497833,200.8804753
75.96798933,198.4582876
76.00100033,197.9753766
76.03401134,200.1874856
76.06702234,196.905818
76.10003334,132.5350913
76.13304435,202.3707307
76.16605535,196.9687563
76.19906636,202.4966034
76.23207736,201.9679673
76.26508836,195.4853007
76.29809937,198.7125545
76.33111037,204.4101041
76.36412137,197.9668068
76.39713238,199.5996182
76.43014338,202.4615411
76.46315438,203.5080575
76.49616539,200.4857968
76.52917639,199.5304104
76.5621874,205.6725781
76.5951984,206.704695
76.6282094,204.5070977
76.66122041,201.9090054
76.69423141,199.3107814
76.72724241,199.3267728
76.76025342,203.4681759
76.79326442,203.2383557
76.82627543,206.2704843
76.85928643,204.0995663
76.89229743,197.7215027
76.92530844,205.4691139
76.95831944,199.4016167
76.99133044,201.3264123
77.02434145,203.3114542
77.05735245,208.6303836
77.09036345,212.0556643
77.12337446,204.6286053
77.15638546,202.3413738
77.18939647,204.5770081
77.22240747,205.718985
77.25541847,202.1765433
77.28842948,208.6067078
77.32144048,203.9938135
77.35445148,204.879358
77.38746249,205.466429
77.42047349,204.8159436
77.45348449,206.1505327
77.4864955,201.8644792
77.5195065,202.123861
77.55251751,200.5808311
77.58552851,205.282325
77.61853951,206.3831583
77.65155052,205.5021949
77.68456152,209.2348811
77.71757252,204.2771433
77.75058353,206.3826838
77.78359453,201.1838837
77.81660554,203.3802147
77.84961654,206.7106546
77.88262754,156.2713011
77.91563855,203.9071955
77.94864955,204.6568261
77.98166055,200.4005301
78.01467156,149.5947509
78.04768256,207.7903559
78.08069356,206.927349
78.11370457,206.7862586
78.14671557,205.51611
78.17972658,205.4705059
78.21273758,203.5508805
78.24574858,207.7108567
78.27875959,206.9598178
78.31177059,207.255483
78.34478159,204.2838495
78.3777926,199.4844527
78.4108036,209.3184671
78.4438146,
78.47682561,203.6037367
78.50983661,208.3550283
78.54284762,205.1810811
78.57585862,209.6194557
78.60886962,208.3731919
78.64188063,208.6554095
78.67489163,202.5893619
78.70790263,210.4055885
78.74091364,207.6360357
78.77392464,205.8269802
78.80693565,207.4475045
78.83994665,201.7711609
78.87295765,208.4083526
78.90596866,204.1768071
78.93897966,203.2894383
78.97199066,202.8628991
79.00500167,210.8505693
79.03801267,205.7072415
79.07102367,212.2787423
79.10403468,206.1526823
79.13704568,202.7205403
79.17005669,204.5755684
79.20306769,
79.23607869,
79.2690897,206.5278624
79.3021007,208.7353064
79.3351117,209.8431275
79.36812271,211.7725032
79.40113371,212.848332
79.43414471,207.5060558
79.46715572,204.6897462
79.50016672,124.212663
79.53317773,209.6137858
79.56618873,206.024195
79.59919973,206.1265466
79.63221074,210.1118905
79.66522174,209.0170973
79.69823274,209.3439728
79.73124375,207.0526234
79.76425475,208.7194347
79.79726576,206.720465
79.83027676,212.2462871
79.86328776,212.7639674
79.89629877,
79.92930977,207.0347418
79.96232077,205.4162142
79.99533178,208.0382576
80.02834278,209.820543
80.06135378,205.8044488
80.09436479,207.4703325
80.12737579,207.3065674
80.1603868,211.022769
80.1933978,210.6915275
80.2264088,208.4008093
80.25941981,211.1790121
80.29243081,209.0910368
80.32544181,209.9986392
80.35845282,215.9164883
80.39146382,215.0000427
80.42447482,207.1624434
80.45748583,213.6329118
80.49049683,213.6604317
80.52350784,
80.55651884,213.84763
80.58952984,120.6995582
80.62254085,208.1887177
80.65555185,208.8863712
80.68856285,214.7743915
80.72157386,212.6184206
80.75458486,213.540891
80.78759587,212.9907573
80.82060687,213.2236049
80.85361787,208.1546283
80.88662888,215.3585253
80.91963988,215.8078697
80.95265088,211.693455
80.98566189,212.3337239
81.01867289,207.9533597
81.05168389,214.171974
81.0846949,214.4279096
81.1177059,212.6076917
81.15071691,216.2498523
81.18372791,211.9570881
81.21673891,214.7356651
81.24974992,210.0653818
81.28276092,213.1362458
81.31577192,212.766367
81.34878293,214.0478811
81.38179393,212.345904
81.41480493,213.1425946
81.44781594,216.0976814
81.48082694,212.3917746
81.51383795,208.9648636
81.54684895,219.1158741
81.57985995,218.0940121
81.61287096,210.1553893
81.64588196,216.1838283
81.67889296,212.6883081
81.71190397,215.0702216
81.74491497,215.2449598
81.77792598,213.7415915
81.81093698,212.1760455
81.84394798,212.5382468
81.87695899,211.9438217
81.90996999,212.2794584
81.94298099,214.6559176
81.975992,212.7927
82.009003,217.0686637
82.042014,219.5667735
82.07502501,213.4474028
82.10803601,215.9883035
82.14104702,216.8516729
82.17405802,216.8511519
82.20706902,215.7455384
82.24008003,217.8282473
82.27309103,217.1294744
82.30610203,212.0522678
82.33911304,218.4552508
82.37212404,218.5921826
82.40513505,213.7229793
82.43814605,216.2091786
82.47115705,218.2278796
82.50416806,215.6324787
82.53717906,219.5618818
82.57019006,223.5170926
82.60320107,214.1500446
82.63621207,212.4473964
82.66922307,217.5845135
82.70223408,218.9202727
82.73524508,216.1455136
82.76825609,221.2804222
82.80126709,212.9873503
82.83427809,219.1644511
82.8672891,215.3506403
82.9003001,222.408884
82.9333111,223.3108238
82.96632211,215.1158355
82.99933311,215.8496614
83.03234411,220.1596239
83.06535512,216.5019958
83.09836612,217.6096817
83.13137713,217.9046081
83.16438813,212.1519509
83.19739913,217.9519846
83.23041014,216.006842
83.26342114,216.6791844
83.29643214,222.5719764
83.32944315,214.5540872
83.36245415,220.8457509
83.39546516,217.6517741
83.42847616,217.7319099
83.46148716,221.0248336
83.49449817,219.7563993
83.52750917,220.5306119
83.56052017,221.8058544
83.59353118,217.9899028
83.62654218,
83.65955318,215.8934314
83.69256419,216.7551789
83.72557519,228.1612213
83.7585862,223.1305042
83.7915972,215.4257699
83.8246082,215.5941466
83.85761921,221.0896462
83.89063021,170.5199135
83.92364121,221.4557545
83.95665222,219.1267632
83.98966322,219.5977953
84.02267422,221.0403241
84.05568523,220.3968921
84.08869623,213.5638395
84.12170724,219.6148692
84.15471824,217.8325763
84.18772924,220.9949574
84.22074025,229.5076276
84.25375125,221.7368231
84.28676225,219.7763166
84.31977326,223.5648377
84.35278426,222.3300243
84.38579527,222.2247716
84.41880627,222.8675675
84.45181727,227.2991739
84.48482828,217.8194054
84.51783928,222.7154944
84.55085028,218.5979823
84.58386129,223.1261912
84.61687229,218.7861212
84.64988329,220.3726078
84.6828943,220.821966
84.7159053,224.7172134
84.74891631,224.6276541
84.78192731,218.2176661
84.81493831,222.2021481
84.84794932,
84.88096032,218.4268861
84.91397132,221.6338772
84.94698233,221.4420075
84.97999333,
85.01300433,223.8313903
85.04601534,218.4821858
85.07902634,221.0032438
85.11203735,225.8442433
85.14504835,229.1279492
85.17805935,218.1871984
85.21107036,
85.24408136,228.7230989
85.27709236,224.3615734
85.31010337,220.6703802
85.34311437,224.9616732
85.37612538,215.5330702
85.40913638,223.5329675
85.44214738,224.588832
85.47515839,226.4607064
85.50816939,220.7287356
85.54118039,224.1100125
85.5741914,221.1592046
85.6072024,224.7841573
85.6402134,221.4144945
85.67322441,222.9587585
85.70623541,221.2781423
85.73924642,226.3015248
85.77225742,227.0059969
85.80526842,223.8093093
85.83827943,224.7104126
85.87129043,220.3324518
85.90430143,
85.93731244,224.6926672
85.97032344,232.7881879
86.00333444,221.672435
86.03634545,229.4833953
86.06935645,228.1639675
86.10236746,226.0978279
86.13537846,230.6143076
86.16838946,226.5372901
86.20140047,226.6709788
86.23441147,225.4266667
86.26742247,229.3392628
86.30043348,229.0404914
86.33344448,223.9565793
86.36645549,221.9583971
86.39946649,225.3897243
86.43247749,223.681078
86.4654885,225.9731475
86.4984995,229.9585632
86.5315105,224.9568713
86.56452151,226.2828336
86.59753251,226.6678995
86.63054351,229.1216514
86.66355452,219.9182183
86.69656552,224.9213129
86.72957653,227.4577924
86.76258753,230.5067057
86.79559853,225.513289
86.82860954,221.4418657
86.86162054,229.0131857
86.89463154,225.3304917
86.92764255,223.7501064
86.96065355,225.5285977
86.99366455,226.9305853
87.02667556,225.7524549
87.05968656,221.0325182
87.09269757,230.4229425
87.12570857,231.6388965
87.15871957,229.8513649
87.19173058,224.5662694
87.22474158,227.4573793
87.25775258,228.1248175
87.29076359,230.0232921
87.32377459,
87.3567856,226.1894426
87.3897966,228.7204782
87.4228076,229.9288602
87.45581861,233.0070135
87.48882961,230.8355936
87.52184061,
87.55485162,229.1386089
87.58786262,310.3017989
87.62087362,230.2814724
87.65388463,226.5514478
87.68689563,233.427349
87.71990664,231.3934764
87.75291764,228.053162
87.78592864,228.0263427
87.81893965,230.4370758
87.85195065,231.019431
87.88496165,230.3042809
87.91797266,230.7288577
87.95098366,234.9773313
87.98399466,233.1746161
88.01700567,230.6144209
88.05001667,232.9489734
88.08302768,227.1099975
88.11603868,231.4838778
88.14904968,235.8005433
88.18206069,229.801014
88.21507169,227.9947774
88.24808269,228.6639401
88.2810937,227.4338351
88.3141047,
88.34711571,229.756265
88.38012671,226.7336157
88.41313771,231.0796993
88.44614872,233.8222033
88.47915972,228.4746308
88.51217072,235.8382786
88.54518173,232.8953306
88.57819273,234.5372236
88.61120373,229.5545057
88.64421474,
88.67722574,228.4172627
88.71023675,234.4463344
88.74324775,232.3736374
88.77625875,233.6004005
88.80926976,228.4963906
88.84228076,229.4204924
88.87529176,233.9799141
88.90830277,229.4257129
88.94131377,233.7429033
88.97432477,228.3343985
89.00733578,235.0628621
89.04034678,228.903297
89.07335779,234.3402943
89.10636879,234.6428148
89.13937979,230.758134
89.1723908,234.6770567
89.2054018,233.7948313
89.2384128,
89.27142381,230.1528955
89.30443481,227.37321
89.33744582,234.3925647
89.37045682,228.7317337
89.40346782,233.7947022
89.43647883,232.8008524
89.46948983,
89.50250083,232.8501156
89.53551184,232.8504362
89.56852284,236.1169192
89.60153384,235.0090087
89.63454485,235.03483
89.66755585,235.5766924
89.70056686,229.6447008
89.73357786,236.6043107
89.76658886,236.2538785
89.79959987,231.4489503
89.83261087,233.8492858
89.86562187,234.5461328
89.89863288,234.3430918
89.93164388,235.8306896
89.96465488,289.5603282
89.99766589,238.2394649
90.03067689,231.1400347
90.0636879,237.0254297
90.0966989,239.2285472
90.1297099,236.4847003
90.16272091,238.6797435
90.19573191,241.5261411
90.22874291,238.6429859
90.26175392,236.4023106
90.29476492,238.8721777
90.32777593,236.2541033
90.36078693,
90.39379793,234.9302521
90.42680894,240.7572624
90.45981994,233.6942639
90.49283094,
90.52584195,237.8141972
90.55885295,232.1992139
90.59186395,237.5826078
90.62487496,230.2621079
90.65788596,238.521239
90.69089697,239.3829369
90.72390797,235.0327021
90.75691897,237.2629405
90.78992998,242.8372972
90.82294098,235.5401123
90.85595198,
90.88896299,241.6673977
90.92197399,243.1926965
90.95498499,237.3985495
90.987996,240.5043791
91.021007,241.5769453
91.05401801,235.4075923
91.08702901,236.261655
91.12004001,241.4927236
91.15305102,242.9376704
91.18606202,239.6537976
91.21907302,235.4082395
91.25208403,244.0913934
91.28509503,236.6198249
91.31810604,237.2898517
91.35111704,239.4048061
91.38412804,243.1228014
91.41713905,241.1047755
91.45015005,239.8699716
91.48316105,
91.51617206,238.9209741
91.54918306,240.5473762
91.58219406,231.3668049
91.61520507,238.1481903
91.64821607,239.844506
91.68122708,235.7500254
91.71423808,
91.74724908,238.754709
91.78026009,244.7170773
91.81327109,244.2522369
91.84628209,
91.8792931,239.2457196
91.9123041,239.5589176
91.94531511,180.5249919
91.97832611,240.5308902
92.01133711,237.7534966
92.04434812,236.7190243
92.07735912,242.0615315
92.11037012,242.1645141
92.14338113,237.9455055
92.17639213,243.1270466
92.20940313,238.6287746
92.24241414,241.3655311
92.27542514,243.1495949
92.30843615,240.6702527
92.34144715,
92.37445815,239.3868565
92.40746916,240.4292731
92.44048016,240.4836221
92.47349116,238.9439929
92.50650217,240.7359329
92.53951317,236.702928
92.57252417,239.9578492
92.60553518,240.6592115
92.63854618,240.8278262
92.67155719,240.9544006
92.70456819,241.5761279
92.73757919,243.2822725
92.7705902,244.5500267
92.8036012,240.0597073
92.8366122,238.4819279
92.86962321,239.0479248
92.90263421,240.7949768
92.93564522,241.2833491
92.96865622,240.1116523
93.00166722,238.6158181
93.03467823,241.2183331
93.06768923,243.2135029
93.10070023,244.536839
93.13371124,241.1620089
93.16672224,241.6778121
93.19973324,240.2192382
93.23274425,242.9875431
93.26575525,240.6191022
93.29876626,244.9662991
93.33177726,237.9718437
93.36478826,242.3330816
93.39779927,244.3978202
93.43081027,244.1285292
93.46382127,251.7386542
93.49683228,244.7914808
93.52984328,240.8124444
93.56285428,305.3369963
93.59586529,238.6609242
93.62887629,243.8303915
93.6618873,241.6555501
93.6948983,246.9834166
93.7279093,242.6711524
93.76092031,244.052003
93.79393131,242.5781548
93.82694231,249.7839098
93.85995332,243.686155
93.89296432,250.2300819
93.92597533,247.2573936
93.95898633,246.343666
93.99199733,
94.02500834,246.2439127
94.05801934,239.3620306
94.09103034,244.3909257
94.12404135,247.8455773
94.15705235,245.2459393
94.19006335,241.2595888
94.22307436,245.4004725
94.25608536,250.75253
94.28909637,249.4634161
94.32210737,245.6192564
94.35511837,248.7421438
94.38812938,244.8708024
94.42114038,240.9412362
94.45415138,243.3619805
94.48716239,250.9065723
94.52017339,245.4784542
94.55318439,245.652809
94.5861954,245.5659739
94.6192064,252.2604258
94.65221741,251.5084203
94.68522841,253.3694117
94.71823941,246.3184629
94.75125042,247.7649995
94.78426142,242.4107259
94.81727242,251.4739843
94.85028343,243.6223699
94.88329443,247.8585628
94.91630544,243.998856
94.94931644,245.6066906
94.98232744,244.9440313
95.01533845,245.7147203
95.04834945,246.0035055
95.08136045,246.0585947
95.11437146,250.2859304
95.14738246,244.5538678
95.18039346,248.6126079
95.21340447,251.6873886
95.24641547,246.5764496
95.27942648,246.0448095
95.31243748,247.5895198
95.34544848,251.9027968
95.37845949,154.1518553
95.41147049,
95.44448149,250.0628337
95.4774925,245.3868548
95.5105035,250.8203373
95.5435145,250.0846082
95.57652551,248.0178884
95.60953651,246.5080839
95.64254752,246.446326
95.67555852,250.7933483
95.70856952,252.9583653
95.74158053,307.4875951
95.77459153,250.8116389
95.80760253,243.2579253
95.84061354,247.8476807
95.87362454,249.5908846
95.90663555,247.0375386
95.93964655,247.0395972
95.97265755,247.9283052
96.00566856,250.8907496
96.03867956,249.5347118
96.07169056,243.4645327
96.10470157,243.8996535
96.13771257,248.5236859
96.17072357,251.7998687
96.20373458,242.2668219
96.23674558,249.0926734
96.26975659,249.0956479
96.30276759,254.9219323
96.33577859,249.684381
96.3687896,252.0709409
96.4018006,251.4282729
96.4348116,244.6953296
96.46782261,253.4741782
96.50083361,251.8982735
96.53384461,252.8594175
96.56685562,263.1958522
96.59986662,
96.63287763,256.756284
96.66588863,250.802379
96.69889963,252.6092358
96.73191064,251.6932399
96.76492164,250.6395951
96.79793264,250.2853328
96.83094365,253.0658853
96.86395465,247.6083655
96.89696566,254.4941516
96.92997666,251.0763584
96.96298766,249.0172611
96.99599867,251.1399581
97.02900967,256.3439718
97.06202067,251.0490464
97.09503168,253.81294
97.12804268,250.6272379
97.16105368,255.1763998
97.19406469,255.0416849
97.22707569,258.6135157
97.2600867,252.6235249
97.2930977,255.2387087
97.3261087,253.6094744
97.35911971,257.2854146
97.39213071,251.3238296
97.42514171,255.7978702
97.45815272,253.0612899
97.49116372,253.5353448
97.52417472,254.0856943
97.55718573,254.6496855
97.59019673,253.6268047
97.62320774,254.7021589
97.65621874,258.874901
97.68922974,257.1794234
97.72224075,256.9130656
97.75525175,253.0215108
97.78826275,251.8029344
97.82127376,257.4190861
97.85428476,257.2638523
97.88729577,259.1362514
97.92030677,252.988825
97.95331777,254.1946485
97.98632878,250.0473695
98.01933978,253.8709361
98.05235078,258.1205885
98.08536179,253.8139183
98.11837279,257.2173714
98.15138379,254.8069502
98.1843948,256.4331581
98.2174058,252.1004403
98.25041681,255.8816704
98.28342781,246.7351616
98.31643881,
98.34944982,250.9822048
98.38246082,259.5741356
98.41547182,258.3709016
98.44848283,257.52122
98.48149383,260.7667533
98.51450483,253.4395125
98.54751584,261.6108792
98.58052684,259.2478918
98.61353785,255.8241788
98.64654885,189.4668687
98.67955985,253.3800191
98.71257086,254.3078847
98.74558186,255.0381855
98.77859286,255.359549
98.81160387,253.8593367
98.84461487,260.7807864
98.87762588,256.4175015
98.91063688,258.3341071
98.94364788,255.6480656
98.97665889,251.9798373
99.00966989,258.3343468
99.04268089,251.8699373
99.0756919,257.4833276
99.1087029,253.6668121
99.1417139,263.8161128
99.17472491,260.6709004
99.20773591,258.3366012
99.24074692,261.8929873
99.27375792,255.6454469
99.30676892,259.8973604
99.33977993,258.9488811
99.37279093,259.2240376
99.40580193,262.3315653
99.43881294,260.7945087
99.47182394,259.5457308
99.50483494,253.7974251
99.53784595,255.964476
99.57085695,258.5590156
99.60386796,259.289787
99.63687896,255.7015862
99.66988996,266.4097549
99.70290097,263.8064346
99.73591197,261.1461349
99.76892297,259.638418
99.80193398,
99.83494498,256.7316071
99.86795599,259.9023315
99.90096699,
99.93397799,
99.966989,260.9200017
100,259.5342229
